id,abbrev,location,name,SportsRefName,SportsRefAlt,DonBestName,DonBestAlt,DonBestAlt2
2,AUB,Auburn,Tigers,Auburn,,Auburn,,
3,BIR,Birmingham-Southern,Panthers,Birmingham-Southern,,Birmingham-Southern,,
5,UAB,UAB,Blazers,Alabama-Birmingham,UAB,UAB,,
6,USA,South Alabama,Jaguars,South Alabama,,South Alabama,,
7,AMH,Amherst College,Lord Jeffs,Amherst College,,Amherst College,,
8,ARK,Arkansas,Razorbacks,Arkansas,,Arkansas,,
9,ASU,Arizona State,Sun Devils,Arizona State,,Arizona State,,
11,MESA,Colorado Mesa,Mavericks,Colorado Mesa,,Colorado Mesa,,
12,ARIZ,Arizona,Wildcats,Arizona,,Arizona,,
13,CP,Cal Poly,Mustangs,Cal Poly,,Cal Poly,,
15,ANN,Anna Maria College,Amcats,Anna Maria College,,Anna Maria College,,
16,SAC,Sacramento State,Hornets,Sacramento State,,Sacramento St,CS Sacramento,
17,CLA,Claremont,Stags,Claremont,,Claremont,,
18,BGW,Bridgewater State,Bears,Bridgewater State,,Bridgewater State,,
21,SDSU,San Diego State,Aztecs,San Diego State,,San Diego State,,
23,SJSU,San José State,Spartans,San José State,SJSU,San José State,,
24,STAN,Stanford,Cardinal,Stanford,,Stanford,,
25,CAL,California,Golden Bears,California,,California,,
26,UCLA,UCLA,Bruins,UCLA,,UCLA,,
29,RED,Redlands,Bulldogs,Redlands,,Redlands,,
30,USC,USC,Trojans,Southern California,USC,USC,,
32,CAR,Carroll (WI),Pioneers,Carroll (WI),,Carroll (WI),,
33,COL,Colby,White Mules,Colby,,Colby,,
36,CSU,Colorado State,Rams,Colorado State,,Colorado State,,
38,COLO,Colorado,Buffaloes,Colorado,,Colorado,,
40,CUR,Curry,Colonels,Curry,,Curry,,
41,CONN,Connecticut,Huskies,Connecticut,,Connecticut,,
43,YALE,Yale,Bulldogs,Yale,,Yale,,
46,GTWN,Georgetown,Hoyas,Georgetown,,Georgetown,,
47,HOW,Howard,Bison,Howard,,Howard,,
48,DEL,Delaware,Blue Hens,Delaware,,Delaware,,
49,DUB,Dubuque,Spartans,Dubuque,,Dubuque,,
50,FAMU,Florida A&M,Rattlers,Florida A&M,,Florida AM,Florida A&M,
52,FSU,Florida State,Seminoles,Florida State,,Florida State,,
53,FLTH,Florida Tech,Panthers,Florida Tech,,Florida Tech,,
55,JVST,Jacksonville State,Gamecocks,Jacksonville State,,Jacksonville State,Jacksonville St,
56,STET,Stetson,Hatters,Stetson,,Stetson,,
57,FLA,Florida,Gators,Florida,,Florida,,
58,USF,South Florida,Bulls,South Florida,,South Florida,,
59,GT,Georgia Tech,Yellow Jackets,Georgia Tech,,Georgia Tech,,
60,MOR,Morehouse,Tigers,Morehouse,,Morehouse,,
61,UGA,Georgia,Bulldogs,Georgia,,Georgia,,
62,HAW,Hawai&#39;i,Rainbow Warriors,Hawaii,,Hawaii,,
63,BUE,Buena Vista,Beavers,Buena Vista,,Buena Vista,,
65,GRI,Grinnell,Pioneers,Grinnell,,Grinnell,,
66,ISU,Iowa State,Cyclones,Iowa State,,Iowa State,,
67,LUT,Luther,Norse,Luther,,Luther,,
68,BSU,Boise State,Broncos,Boise State,,Boise State,,
70,IDHO,Idaho,Vandals,Idaho,,Idaho,,
72,ELM,Elmhurst,Blue Jays,Elmhurst,,Elmhurst,,
74,MIL,Millikin,Big Blue,Millikin,,Millikin,,
75,NOR,North Park,Vikings,North Park,,North Park,,
77,NW,Northwestern,Wildcats,Northwestern,,Northwestern,,
79,SIU,Southern Illinois,Salukis,Southern Illinois,,So Illinois,,
80,CHI,Chicago,Maroons,Chicago,,Chicago,,
81,SPR,Springfield,Pride,Springfield,,Springfield,,
83,DEP,DePauw,Tigers,DePauw,,DePauw,,
84,IND,Indiana,Hoosiers,Indiana,,Indiana,,
86,ROS,Rose-Hulman,Engineers,Rose-Hulman,,Rose-Hulman,,
87,ND,Notre Dame,Fighting Irish,Notre Dame,,Notre Dame,,
89,WAB,Wabash College,Little Giants,Wabash College,,Wabash College,,
90,PIT,Pittsburg State,Gorillas,Pittsburg State,,Pittsburg State,,
93,MURR,Murray State,Racers,Murray State,,Murray State,Murray St,
95,PIK,Pikeville,Bears,Pikeville,,Pikeville,,
96,UK,Kentucky,Wildcats,Kentucky,,Kentucky,,
97,LOU,Louisville,Cardinals,Louisville,,Louisville,,
98,WKU,Western Kentucky,Hilltoppers,Western Kentucky,,Western Kentucky,,
99,LSU,LSU,Tigers,Louisiana State,LSU,LSU,,
101,EUR,Eureka College,Red Devils,Eureka College,,Eureka College,,
103,BC,Boston College,Eagles,Boston College,,Boston College,,
107,HC,Holy Cross,Crusaders,Holy Cross,,Holy Cross,,
108,HARV,Harvard,Crimson,Harvard,,Harvard,,
109,MIT,MIT,Engineers,MIT,,MIT,,
110,MAS,Mass Maritime,Buccaneers,Mass Maritime,,Mass Maritime,,
111,NE,Northeastern,Huskies,Northeastern,,Northeastern,,
112,TUF,Tufts,Jumbos,Tufts,,Tufts,,
113,UMASS,Massachusetts,Minutemen,Massachusetts,,Massachusetts,,
114,FIT,Fitchburg State,Falcons,Fitchburg State,,Fitchburg State,,
118,JOH,Johns Hopkins,Blue Jays,Johns Hopkins,,Johns Hopkins,,
119,TOWS,Towson,Tigers,Towson,,Towson,,
120,MD,Maryland,Terrapins,Maryland,,Maryland,,
121,BAT,Bates College,Bobcats,Bates College,,Bates College,,
124,AUG,Augsburg,Auggies,Augsburg,,Augsburg,,
125,GVSU,Grand Valley State,Lakers,Grand Valley State,,Grand Valley State,,
126,KAL,Kalamazoo,Hornets,Kalamazoo,,Kalamazoo,,
127,MSU,Michigan State,Spartans,Michigan State,,Michigan State,,
128,NOR,Northern Michigan,Wildcats,Northern Michigan,,Northern Michigan,,
129,SAG,Saginaw Valley,Cardinals,Saginaw Valley,,Saginaw Valley,,
130,MICH,Michigan,Wolverines,Michigan,,Michigan,,
131,WAY,Wayne State (MI),Warriors,Wayne State (MI),,Wayne State (MI),,
132,BEM,Bemidji State,Beavers,Bemidji State,,Bemidji State,,
133,STO,St. Olaf College,Oles,St. Olaf College,,St. Olaf College,,
134,MNDU,Minnesota-Duluth,Bulldogs,Minnesota-Duluth,,Minnesota-Duluth,,
135,MINN,Minnesota,Golden Gophers,Minnesota,,Minnesota,,
137,MOW,Missouri Western,Griffons,Missouri Western,,Missouri Western,,
138,NWMS,Northwest Missouri State,Bearcats,Northwest Missouri State,,Northwest Missouri State,,
142,MIZ,Missouri,Tigers,Missouri,,Missouri,,
143,WAS,Washington (MO),Bears,Washington (MO),,Washington (MO),,
145,MISS,Ole Miss,Rebels,Mississippi,Ole Miss,Mississippi,,
146,GRO,Grove City College,Wolverines,Grove City College,,Grove City College,,
147,MTST,Montana State,Bobcats,Montana State,,Montana State,Montana St,
148,MAI,Montana Tech,Orediggers,Montana Tech,,Montana Tech,,
149,MONT,Montana,Grizzlies,Montana,,Montana,,
150,DUKE,Duke,Blue Devils,Duke,,Duke,,
151,ECU,East Carolina,Pirates,East Carolina,,East Carolina,,
152,NCST,NC State,Wolfpack,North Carolina State,,NC State,North Carolina State,
153,UNC,North Carolina,Tar Heels,North Carolina,,North Carolina,,
154,WAKE,Wake Forest,Demon Deacons,Wake Forest,,Wake Forest,,
155,UND,North Dakota,Fighting Hawks,North Dakota,,North Dakota,,
158,NEB,Nebraska,Cornhuskers,Nebraska,,Nebraska,,
159,DART,Dartmouth,Big Green,Dartmouth,,Dartmouth,,
160,UNH,New Hampshire,Wildcats,New Hampshire,,New Hampshire,,
162,HAM,Hamline,Fighting Pipers,Hamline,,Hamline,,
163,PRIN,Princeton,Tigers,Princeton,,Princeton,,
164,RUTG,Rutgers,Scarlet Knights,Rutgers,,Rutgers,,
166,NMSU,New Mexico State,Aggies,New Mexico State,,New Mexico State,,
167,UNM,New Mexico,Lobos,New Mexico,,New Mexico,,
171,CLMB,Columbia,Lions,Columbia,,Columbia,,
172,COR,Cornell,Big Red,Cornell,,Cornell,,
173,HAR,Hartwick,Hawks,Hartwick,,Hartwick,,
174,HOB,Hobart,Statesmen,Hobart,,Hobart,,
175,ITH,Ithaca,Bombers,Ithaca,,Ithaca,,
183,SYR,Syracuse,Orange,Syracuse,,Syracuse,,
184,ROC,Rochester,Yellow Jackets,Rochester,,Rochester,,
188,BAL,Baldwin-Wallace,Yellow Jackets,Baldwin-Wallace,,Baldwin-Wallace,,
189,BGSU,Bowling Green,Falcons,Bowling Green State,,Bowling Green,,
190,DEF,Defiance,Yellow Jackets,Defiance,,Defiance,,
191,HEI,Heidelberg,Student Princes,Heidelberg,,Heidelberg,,
193,M-OH,Miami (OH),RedHawks,Miami (OH),,Miami Ohio,,
194,OSU,Ohio State,Buckeyes,Ohio State,,Ohio State,,
195,OHIO,Ohio,Bobcats,Ohio,,Ohio,,
196,NEO,Northeastern State,RiverHawks,Northeastern State,,Northeastern State,,
197,OKST,Oklahoma State,Cowboys,Oklahoma State,,Oklahoma State,,
199,SEOS,Southeastern Oklahoma,Savage Storm,Southeastern Oklahoma,,Southeastern Oklahoma,,
200,STN,Southern Nazarene,Crimson Storm,Southern Nazarene,,Southern Nazarene,,
201,OKLA,Oklahoma,Sooners,Oklahoma,,Oklahoma,,
202,TLSA,Tulsa,Golden Hurricane,Tulsa,,Tulsa,,
203,LIN,Linfield,Wildcats,Linfield,,Linfield,,
204,ORST,Oregon State,Beavers,Oregon State,,Oregon State,,
205,PAC,Pacific (OR),Boxers,Pacific (OR),,Pacific (OR),,
209,LOC,Lock Haven,Bald Eagles,Lock Haven,,Lock Haven,,
210,MIL,Millersville,Marauders,Millersville,,Millersville,,
213,PSU,Penn State,Nittany Lions,Penn State,,Penn State,,
215,SRU,Slippery Rock,The Rock,Slippery Rock,,Slippery Rock,,
216,SUS,Susquehanna,Crusaders,Susquehanna,,Susquehanna,,
218,TEM,Temple,Owls,Temple,,Temple,,
219,PENN,Penn,Quakers,Penn,,Penn,,
221,PITT,Pittsburgh,Panthers,Pittsburgh,Pitt,Pittsburgh,,
222,NOVA,Villanova,Wildcats,Villanova,,Villanova,,
223,WES,West Chester,Golden Rams,West Chester,,West Chester,,
225,BRWN,Brown,Bears,Brown,,Brown,,
227,URI,Rhode Island,Rams,Rhode Island,,Rhode Island,,
228,CLEM,Clemson,Tigers,Clemson,,Clemson,,
231,FUR,Furman,Paladins,Furman,,Furman,,
233,SDAK,South Dakota,Coyotes,South Dakota,,South Dakota,,
235,MEM,Memphis,Tigers,Memphis,,Memphis,,
236,CHAT,Chattanooga,Mocs,Chattanooga,,Chattanooga,UT Chattanooga,Tenn Chat
237,UNI,Union,Dutchmen,Union,,Union,,
238,VAN,Vanderbilt,Commodores,Vanderbilt,,Vanderbilt,,
239,BAY,Baylor,Bears,Baylor,,Baylor,,
241,MCM,McMurry,War Hawks,McMurry,,McMurry,,
242,RICE,Rice,Owls,Rice,,Rice,,
245,TA&M,Texas A&M,Aggies,Texas A&M,,Texas A&M,Texas AM,
246,JUN,Juniata,Eagles,Juniata,,Juniata,,
247,KIN,King&#39;s College (PA),Monarchs,King&#39;s College (PA),,King&#39;s College (PA),,
248,HOU,Houston,Cougars,Houston,,Houston,,
249,UNT,North Texas,Mean Green,North Texas,,North Texas,,
251,TEX,Texas,Longhorns,Texas,,Texas,,
252,BYU,BYU,Cougars,Brigham Young,,BYU,,
253,SUU,Southern Utah,Thunderbirds,Southern Utah,,Southern Utah,,
254,UTAH,Utah,Utes,Utah,,Utah,,
255,KNO,Knox College,Prairie Fire,Knox College,,Knox College,,
256,JMU,James Madison,Dukes,James Madison,,James Madison,,
257,RICH,Richmond,Spiders,Richmond,,Richmond,,
258,UVA,Virginia,Cavaliers,Virginia,,Virginia,,
259,VT,Virginia Tech,Hokies,Virginia Tech,,Virginia Tech,,
262,LAK,Lake Forest,Foresters,Lake Forest,,Lake Forest,,
263,LOR,Loras College,Duhawks ,Loras College,,Loras College,,
264,WASH,Washington,Huskies,Washington,,Washington,,
265,WSU,Washington State,Cougars,Washington State,,Washington State,,
266,BEL,Beloit College,Buccaneers,Beloit College,,Beloit College,,
267,SEFL,Southeastern University,Fire,Southeastern University,,Southeastern University,,
268,LAW,Lawrence,Vikings,Lawrence,,Lawrence,,
271,WIS,UW-Oshkosh,Titans,UW-Oshkosh,,UW-Oshkosh,,
272,WIS,Wisconsin-Platteville,Pioneers,Wisconsin-Platteville,,Wisconsin-Platteville,,
273,MAC,MacMurray College,Highlanders,MacMurray College,,MacMurray College,,
274,MAI,Maine Maritime,Mariners,Maine Maritime,,Maine Maritime,,
275,WIS,Wisconsin,Badgers,Wisconsin,,Wisconsin,,
276,MRSH,Marshall,Thundering Herd,Marshall,,Marshall,,
277,WVU,West Virginia,Mountaineers,West Virginia,,West Virginia,,
278,FRES,Fresno State,Bulldogs,Fresno State,,Fresno State,,
282,INST,Indiana State,Sycamores,Indiana State,,Indiana State,Indiana St,
284,SBI,Stonehill,Chieftains,Stonehill,,Stonehill,,
286,UNCW,NC Wesleyan,Battling Bishops,NC Wesleyan,,NC Wesleyan,,
290,GASO,Georgia Southern,Eagles,Georgia Southern,,Georgia Southern,,
291,MTH,Methodist,Monarchs,Methodist,,Methodist,,
293,CAS,Castleton State College,Spartans,Castleton State College,,Castleton State College,,
294,JAC,Jacksonville,Dolphins,Jacksonville,,Jacksonville,,
295,ODU,Old Dominion,Monarchs,Old Dominion,,Old Dominion,,
297,HAM,Hampden-Sydney,Tigers,Hampden-Sydney,,Hampden-Sydney,,
301,USD,San Diego,Toreros,San Diego,,San Diego,,
302,UCD,UC Davis,Aggies,California-Davis,,UC Davis,,
304,IDST,Idaho State,Bengals,Idaho State,,Idaho State,Idaho St,
306,ILL,Illinois Wesleyan,Titans,Illinois Wesleyan,,Illinois Wesleyan,,
308,ASH,Ashland,Eagles,Ashland,,Ashland,,
309,ULL,Louisiana Lafayette,Ragin&#39; Cajuns,Louisiana-Lafayette,,UL - Lafayette,UL-Lafayette,UL Lafayette
311,MAINE,Maine,Black Bears,Maine,,Maine,,
314,IONA,Iona,Gaels,Iona,,Iona,,
316,DIC,Dickinson State,Blue Hawks,Dickinson State,,Dickinson State,,
317,MAR,Marietta,Pioneers,Marietta,,Marietta,,
319,OB,Oklahoma Baptist,Bison,Oklahoma Baptist,,Oklahoma Baptist,,
322,LAF,Lafayette,Leopards,Lafayette,,Lafayette,,
323,MOR,Moravian,Greyhounds,Moravian,,Moravian,,
324,CCU,Coastal Carolina,Chanticleers,Coastal Carolina,,Coastal Carolina,,
326,TXST,Texas State,Bobcats,Texas State,,Texas State,,
328,USU,Utah State,Aggies,Utah State,,Utah State,,
330,VIR,Virginia State,Trojans,Virginia State,,Virginia State,,
331,EWU,Eastern Washington,Eagles,Eastern Washington,,East Washington,,
332,MUS,Muskingum,Muskies,Muskingum,,Muskingum,,
333,ALA,Alabama,Crimson Tide,Alabama,,Alabama,,
336,WES,Wesleyan,Cardinals,Wesleyan,,Wesleyan,,
338,KENN,Kennesaw State,Owls,Kennesaw State,,Kennesaw State,,
340,BOW,Bowdoin,Polar Bears,Bowdoin,,Bowdoin,,
341,FRO,Frostburg State,Bobcats,Frostburg State,,Frostburg State,,
344,MSST,Mississippi State,Bulldogs,Mississippi State,,Mississippi State,,
348,HAM,Hamilton,Continentals,Hamilton,,Hamilton,,
349,ARMY,Army,Black Knights,Army,,Army,,
351,WIN,Wingate,Bulldogs,Wingate,,Wingate,,
352,KEN,Kenyon,Lords,Kenyon,,Kenyon,,
354,OLI,Olivet College,Comets,Olivet College,,Olivet College,,
356,ILL,Illinois,Fighting Illini,Illinois,,Illinois,,
359,OTT,Otterbein,Cardinals,Otterbein,,Otterbein,,
363,PRI,Principia College,Panthers,Principia College,,Principia College,,
365,ALF,Alfred,Saxons,Alfred,,Alfred,,
366,FER,Ferrum,Panthers,Ferrum,,Ferrum,,
367,GAN,Gannon,Golden Knights,Gannon,,Gannon,,
374,STJ,St. John Fisher,Cardinals,St. John Fisher,,St. John Fisher,,
375,SS,St. Scholastica,College of St. Scholastica,St. Scholastica,,St. Scholastica,,
379,MAS,UMass Dartmouth,Corsairs,UMass Dartmouth,,UMass Dartmouth,,
386,TRI,Trinity (TX),Tigers,Trinity (TX),,Trinity (TX),,
388,LEB,Lebanon Valley,Flying Dutchmen,Lebanon Valley,,Lebanon Valley,,
389,UI,Upper Iowa,Peacocks,Upper Iowa,,Upper Iowa,,
390,UTI,Utica College,Pioneers,Utica College,,Utica College,,
391,OBE,Oberlin,Yeomen,Oberlin,,Oberlin,,
395,STA,St. Augustine&#39;s,Falcons,St. Augustine&#39;s,,St. Augustine&#39;s,,
396,WHE,Wheaton College (Ill),Thunder,Wheaton College (Ill),,Wheaton College (Ill),,
398,WIL,Wilkes,Colonels,Wilkes,,Wilkes,,
399,ALBY,Albany,Great Danes,Albany,,Albany,,
402,WOR,Worcester State College,Lancers,Worcester State College,,Worcester State College,,
409,CON,Concordia (WI),Falcons,Concordia (WI),,Concordia (WI),,
411,CHA,Chapman,Panthers,Chapman,,Chapman,,
415,GFU,George Fox University,Bruins,George Fox University,,George Fox University,,
417,GAL,Gallaudet,Bison,Gallaudet,,Gallaudet,,
418,HEND,Hendrix College,Warriors,Hendrix College,,Hendrix College,,
419,MAN,Mid Am Nazarene,Mid Am Nazarene,Mid Am Nazarene,,Mid Am Nazarene,,
421,MAR,Maranatha Baptist College,Crusaders,Maranatha Baptist College,,Maranatha Baptist College,,
424,CAP,Capital,Crusaders,Capital,,Capital,,
425,NOR,Northern State,Wolves,Northern State,,Northern State,,
426,MTU,Mount Union,Raiders,Mount Union,,Mount Union,,
427,ON,Ohio Northern,Polar Bears,Ohio Northern,,Ohio Northern,,
433,WMN,Westminster,Blue Jays,Westminster,,Westminster,,
437,LKE,Lake Erie College,Storm,Lake Erie College,,Lake Erie College,,
446,MAR,Martin Luther College,Knights,Martin Luther College,,Martin Luther College,,
452,END,Endicott College,Gulls,Endicott College,,Endicott College,,
455,WVW,WV Wesleyan,Bobcats,WV Wesleyan,,WV Wesleyan,,
471,STU,Stevenson,Mustangs,Stevenson,,Stevenson,,
479,BEC,Becker College,Hawks,Becker College,,Becker College,,
481,MOU,Mount Ida College,Mustangs,Mount Ida College,,Mount Ida College,,
487,BKN,Bacone College,Warriors,Bacone College,,Bacone College,,
488,BAK,Baker University,Wildcats,Baker University,,Baker University,,
490,BBG,Benedict College,Tigers,Benedict College,,Benedict College,,
492,BET,Bethany (KS),Swedes,Bethany (KS),,Bethany (KS),,
495,BLU,Bluefield College,Rams,Bluefield College,,Bluefield College,,
507,CCD,Concordia (NE),Concordia University (NE),Concordia (NE),,Concordia (NE),,
509,CRO,Crown College,Storm,Crown College,,Crown College,,
510,CUL,Culver-Stockton,Wildcats,Culver-Stockton,,Culver-Stockton,,
511,CUM,Cumberland College,Indians,Cumberland College,,Cumberland College,,
512,DSU,Dakota State,Trojans,Dakota State,,Dakota State,,
513,DWU,Dakota Wesleyan,Tigers,Dakota Wesleyan,,Dakota Wesleyan,,
527,FRIE,Friends University,Falcons,Friends University,,Friends University,,
535,HAS,Haskell Indian Nations,Jayhawks,Haskell Indian Nations,,Haskell Indian Nations,,
547,KNW,Kansas Wesleyan University,Coyotes,Kansas Wesleyan University,,Kansas Wesleyan University,,
548,LAG,LaGrange College,Panthers,LaGrange College,,LaGrange College,,
556,MAL,Malone,Pioneers,Malone,,Malone,,
559,MAR,University of Mary,Marauders,University of Mary,,University of Mary,,
561,MAY,Mayville State,Comets,Mayville State,,Mayville State,,
565,MID,Midland University,Warriors,Midland University,,Midland University,,
568,MIN,Minot State,Beavers,Minot State,,Minot State,,
583,NWM,Northwestern (MN),Eagles,Northwestern (MN),,Northwestern (MN),,
587,NOT,Notre Dame College,Blue Falcons,Notre Dame College,,Notre Dame College,,
596,PER,Peru State College,Bobcats,Peru State College,,Peru State College,,
597,PRE,Presentation College,Saints,Presentation College,,Presentation College,,
599,RMU,Robert Morris (IL),Eagles,Robert Morris (IL),,Robert Morris (IL),,
611,SET,Seton Hill College,Griffins,Seton Hill College,,Seton Hill College,,
613,SDA,South Dakota Mines,Hardrockers,South Dakota Mines,,South Dakota Mines,,
616,SWC,Southwestern College,Moundbuilders,Southwestern College,,Southwestern College,,
618,STC,Sterling College,Warriors,Sterling College,,Sterling College,,
619,TABOR,Tabor College,Tabor,Tabor College,,Tabor College,,
620,TAY,Taylor,Trojans,Taylor,,Taylor,,
628,VAL,Valley City State,Vikings,Valley City State,,Valley City State,,
630,WAY,Wayland Baptist,Pioneers,Wayland Baptist,,Wayland Baptist,,
2000,ACU,Abilene Christian,Wildcats,Abilene Christian,,Abilene Christian,,
2001,ADST,Adams State,Grizzlies,Adams State,,Adams State,,
2003,ADR,Adrian,Bulldogs,Adrian,,Adrian,,
2005,AFA,Air Force,Falcons,Air Force,,Air Force,,
2006,AKR,Akron,Zips,Akron,,Akron,,
2010,AAMU,Alabama A&M,Bulldogs,Alabama A&M,,Alabama A&M,Alabama AM,Alabama A & M
2011,ALST,Alabama State,Hornets,Alabama State,,Alabama St,,
2013,ALB,Albany State (GA),Golden Rams,Albany State (GA),,Albany State (GA),,
2015,ALB,Albright,Lions,Albright,,Albright,,
2016,ALCN,Alcorn State,Braves,Alcorn State,,Alcorn St,,
2017,ABC,Alderson-Broaddus,Battlers,Alderson-Broaddus,,Alderson-Broaddus,,
2018,ALL,Allegheny,Golden Gators,Allegheny,,Allegheny,,
2019,ALN,Allen,Yellow Jackets,Allen,,Allen,,
2022,AIC,American International,Yellow Jackets,American International,,American International,,
2023,AND,Anderson (IN),Ravens,Anderson (IN),,Anderson (IN),,
2025,ANG,Angelo State,Rams,Angelo State,,Angelo State,,
2026,APP,Appalachian State,Mountaineers,Appalachian State,,Appalachian State,Appalachian St,
2028,ARK,Arkansas-Monticello,Weevils,Arkansas-Monticello,,Arkansas-Monticello,,
2029,UAPB,Arkansas-Pine Bluff,Golden Lions,Arkansas-Pine Bluff,,Arkansas Pine Bluff,Ark Pine Bluff,
2032,ARST,Arkansas State,Red Wolves,Arkansas State,,Arkansas State,,
2033,ARK,Arkansas Tech,Wonder Boys,Arkansas Tech,,Arkansas Tech,,
2038,ASP,Assumption,Greyhounds,Assumption,,Assumption,,
2042,AUG,Augustana (IL),Vikings,Augustana (IL),,Augustana (IL),,
2043,AUG,Augustana (SD),Vikings,Augustana (SD),,Augustana (SD),,
2044,AUR,Aurora,Spartans,Aurora,,Aurora,,
2045,AUS,Austin College,Kangaroos,Austin College,,Austin College,,
2046,PEAY,Austin Peay,Governors,Austin Peay,,Austin Peay,,
2047,AVE,Averett,Cougars,Averett,,Averett,,
2048,AVC,Avila College,Eagles,Avila College,,Avila College,,
2049,AZU,Azusa Pacific,Cougars,Azusa Pacific,,Azusa Pacific,,
2050,BALL,Ball State,Cardinals,Ball State,,Ball State,,
2056,BEL,Belhaven College,Blazers,Belhaven College,,Belhaven College,,
2060,BEN,Bentley,Falcons,Bentley,,Bentley,,
2062,BET,Bethany (WV),Bison,Bethany (WV),,Bethany (WV),,
2064,BET,Bethel (TN),Wildcats,Bethel (TN),,Bethel (TN),,
2065,BCU,Bethune-Cookman,Wildcats,Bethune-Cookman,,Bethune Cookman,,
2069,BLA,Black Hills State,Yellow Jackets,Black Hills State,,Black Hills State,,
2070,BLA,Blackburn,Beavers,Blackburn,,Blackburn,,
2071,BLO,Bloomsburg,Huskies,Bloomsburg,,Bloomsburg,,
2074,BLU,Bluffton,Beavers,Bluffton,,Bluffton,,
2075,BOW,Bowie State,Bulldogs,Bowie State,,Bowie State,,
2079,BRD,Bridgewater (VA),Eagles,Bridgewater (VA),,Bridgewater (VA),,
2080,BBM,Brit Columbia,Thunderbirds,Brit Columbia,,Brit Columbia,,
2083,BUCK,Bucknell,Bison,Bucknell,,Bucknell,,
2084,BUFF,Buffalo,Bulls,Buffalo,,Buffalo,,
2085,BUF,Buffalo State,Bengals,Buffalo State,,Buffalo State,,
2086,BUT,Butler,Bulldogs,Butler,,Butler,,
2089,LIU,LIU Post,Pioneers,LIU Post,,LIU Post,,
2094,CAL,Cal Lutheran,Kingsmen,Cal Lutheran,,Cal Lutheran,,
2097,CAMP,Campbell,Camels,Campbell,,Campbell,,
2098,CAI,Campbellsville,Tigers,Campbellsville,,Campbellsville,,
2101,CAR,Carleton,Knights,Carleton,,Carleton,,
2102,CAR,Carnegie Mellon,Tartans,Carnegie Mellon,,Carnegie Mellon,,
2104,CAR,Carroll (MT),Fighting Saints,Carroll (MT),,Carroll (MT),,
2105,CNEW,Carson-Newman,Eagles,Carson-Newman,,Carson-Newman,,
2106,CAR,Carthage,Redmen,Carthage,,Carthage,,
2107,CAT,Catawba,Indians,Catawba,,Catawba,,
2108,CATH,Catholic University,Cardinals,Catholic University,,Catholic University,,
2110,UCA,Central Arkansas,Bears,Central Arkansas,,Central Arkansas,,
2115,CCSU,Central Connecticut,Blue Devils,Central Connecticut,Central Connecticut State,Central Conn.,,
2116,UCF,UCF,Knights,Central Florida,UCF,Central Florida,,
2117,CMU,Central Michigan,Chippewas,Central Michigan,,Central Michigan,,
2118,CEN,Central Missouri State,Mules,Central Missouri State,,Central Missouri State,,
2119,CCI,Central State,Marauders,Central State,,Central State,,
2120,CEN,Central Washington,Wildcats,Central Washington,,Central Washington,,
2121,CEN,Centre,Colonels,Centre,,Centre,,
2122,CEN,Central Oklahoma,Bronchos,Central Oklahoma,,Central Oklahoma,,
2123,CHA,Chadron State,Eagles,Chadron State,,Chadron State,,
2127,CHSO,Charleston Southern,Buccaneers,Charleston Southern,,Charleston Sou,Charleston Southern,
2128,CHA,Charleston (WV),Golden Eagles,Charleston (WV),,Charleston (WV),,
2129,CHE,Cheyney,Wolves,Cheyney,,Cheyney,,
2132,CIN,Cincinnati,Bearcats,Cincinnati,,Cincinnati,,
2134,CLA,Clarion,Golden Eagles,Clarion,,Clarion,,
2141,COE,Coe,Kohawks,Coe,,Coe,,
2142,COLG,Colgate,Raiders,Colgate,,Colgate,,
2144,COL,Colorado College,Tigers,Colorado College,,Colorado College,,
2146,COL,Colorado Mines,Orediggers,Colorado Mines,,Colorado Mines,,
2148,CON,Concord,Mountain Lions,Concord,,Concord,,
2151,CON,Concordia (IL),Cougars,Concordia (IL),,Concordia (IL),,
2152,CON,Concordia (MN),Cobbers,Concordia (MN),,Concordia (MN),,
2155,COR,Cornell College (IA),Rams,Cornell College (IA),,Cornell College (IA),,
2161,CUM,Cumberland,Bulldogs,Cumberland,,Cumberland,,
2166,DAV,Davidson,Wildcats,Davidson,,Davidson,,
2168,DAY,Dayton,Flyers,Dayton,,Dayton,,
2169,DSU,Delaware State,Hornets,Delaware State,,Delaware St,,
2170,DEL,Delta State,Statesmen,Delta State,,Delta State,,
2171,DEN,Denison,Big Red,Denison,,Denison,,
2175,DIC,Dickinson,Red Devils,Dickinson,,Dickinson,,
2181,DRKE,Drake,Bulldogs,Drake,,Drake,,
2184,DUQ,Duquesne,Dukes,Duquesne,,Duquesne,,
2188,EAS,East Stroudsburg,Warriors,East Stroudsburg,,East Stroudsburg,,
2189,EAR,Earlham,Quakers,Earlham,,Earlham,,
2191,EAS,East Central,Tigers,East Central,,East Central,,
2193,ETSU,East Tennessee St.,Buccaneers,East Tennessee St.,,East Tennessee St.,,
2194,EAS,East Texas Baptist,Tigers,East Texas Baptist,,East Texas Baptist,,
2197,EIU,Eastern Illinois,Panthers,Eastern Illinois,,Eastern Illinois,,
2198,EKY,Eastern Kentucky,Colonels,Eastern Kentucky,,Eastern Kentucky,,
2199,EMU,Eastern Michigan,Eagles,Eastern Michigan,,Eastern Michigan,,
2201,EAS,Eastern New Mexico,Greyhounds,Eastern New Mexico,,Eastern New Mexico,,
2202,EAS,Eastern Oregon,Mountaineers,Eastern Oregon,,Eastern Oregon,,
2205,EDI,Edinboro,Fighting Scots,Edinboro,,Edinboro,,
2206,EDW,Edward Waters,Tigers,Edward Waters,,Edward Waters,,
2207,ELI,Elizabeth City State,Vikings,Elizabeth City State,,Elizabeth City State,,
2210,ELON,Elon,Phoenix,Elon,,Elon,,
2213,EMO,Emory & Henry,Wasps,Emory & Henry,,Emory & Henry,,
2214,EMP,Emporia State,Hornets,Emporia State,,Emporia State,,
2219,FAU,Faulkner,Eagles,Faulkner,,Faulkner,,
2220,FAY,Fayetteville State,Broncos,Fayetteville State,,Fayetteville State,,
2221,FDU,FDU-Florham,Devils,FDU-Florham,,FDU-Florham,,
2222,FER,Ferris State,Bulldogs,Ferris State,,Ferris State,,
2224,FIN,Findlay,Oilers,Findlay,,Findlay,,
2226,FAU,Florida Atlantic,Owls,Florida Atlantic,,Florida Atlantic,,
2229,FIU,Florida Intl,Golden Panthers,Florida International,,Florida International,Florida Intl,
2230,FOR,Fordham,Rams,Fordham,,Fordham,,
2231,FHSU,Fort Hays State,Tigers,Fort Hays State,,Fort Hays State,,
2232,FOR,Fort Valley State,Wildcats,Fort Valley State,,Fort Valley State,,
2233,FRA,Franklin,Grizzlies,Franklin,,Franklin,,
2234,F&M,Franklin & Marshall,Diplomats,Franklin & Marshall,,Franklin & Marshall,,
2237,FOR,Fort Lewis,Skyhawks,Fort Lewis,,Fort Lewis,,
2241,WEBB,Gardner-Webb,Bulldogs,Gardner-Webb,,Gardner Webb,,
2242,GEN,Geneva College,Golden Tornadoes,Geneva College,,Geneva College,,
2244,GMU,George Mason,Patriots,George Mason,,George Mason,,
2245,GGA,Georgetown (KY),Tigers,Georgetown (KY),,Georgetown (KY),,
2247,GAST,Georgia State,Panthers,Georgia State,,Georgia State,,
2248,GET,Gettysburg,Bullets,Gettysburg,,Gettysburg,,
2249,GLE,Glenville State,Pioneers,Glenville State,,Glenville State,,
2254,GV,Grand View,Vikings,Grand View,,Grand View,,
2256,GRN,Greensboro,Pride,Greensboro,,Greensboro,,
2257,GRE,Greenville,Panthers,Greenville,,Greenville,,
2258,GUI,Guilford,Quakers,Guilford,,Guilford,,
2261,HAMP,Hampton,Pirates,Hampton,,Hampton,,
2262,HAN,Hanover,Panthers,Hanover,,Hanover,,
2264,HAR,Harding,Bison,Harding,,Harding,,
2271,HEN,Henderson State,Reddies,Henderson State,,Henderson State,,
2273,HIL,Hillsdale,Chargers,Hillsdale,,Hillsdale,,
2274,HIR,Hiram,Terriers,Hiram,,Hiram,,
2275,HOF,Hofstra,Pride,Hofstra,,Hofstra,,
2277,HBU,Houston Baptist,Huskies,Houston Baptist,,Houston Baptist,,
2278,HUM,Humboldt State,Lumberjacks,Humboldt State,,Humboldt State,,
2280,HUS,Husson,Eagles,Husson,,Husson,,
2283,BEN,Benedictine (IL),Eagles,Benedictine (IL),,Benedictine (IL),,
2286,ILLC,Illinois College,Blueboys,Illinois College,,Illinois College,,
2287,ILST,Illinois State,Redbirds,Illinois State,,Illinois State,Illinois St,
2291,IND,Indiana (PA),Crimson Hawks,Indiana (PA),,Indiana (PA),,
2292,IND,Indianapolis,Greyhounds,Indianapolis,,Indianapolis,,
2294,IOWA,Iowa,Hawkeyes,Iowa,,Iowa,,
2295,IOW,Iowa Wesleyan,Tigers,Iowa Wesleyan,,Iowa Wesleyan,,
2296,JKST,Jackson State,Tigers,Jackson State,,Jackson St,,
2302,JOH,John Carroll,Blue Streaks,John Carroll,,John Carroll,,
2304,JOH,Johnson C Smith,Golden Bulls,Johnson C Smith,,Johnson C Smith,,
2305,KU,Kansas,Jayhawks,Kansas,,Kansas,,
2306,KSU,Kansas State,Wildcats,Kansas State,,Kansas State,,
2309,KENT,Kent State,Golden Flashes,Kent State,,Kent State,,
2310,KYS,Kentucky State,Thorobreds,Kentucky State,,Kentucky State,,
2315,KUT,Kutztown,Golden Bears,Kutztown,,Kutztown,,
2316,KYW,Kentucky Wesleyan,Panthers,Kentucky Wesleyan,,Kentucky Wesleyan,,
2318,LAV,La Verne,Leopards,La Verne,,La Verne,,
2320,LAM,Lamar,Cardinals,Lamar,,Lamar,,
2321,LAM,Lambuth,Eagles,Lambuth,,Lambuth,,
2323,LAN,Lane,Dragons,Lane,,Lane,,
2324,LAN,Langston,Lions,Langston,,Langston,,
2325,LAS,La Salle,Explorers,La Salle,,La Salle,,
2329,LEH,Lehigh,Mountain Hawks,Lehigh,,Lehigh,,
2331,LEN,Lenoir-Rhyne,Bears,Lenoir-Rhyne,,Lenoir-Rhyne,,
2333,LEW,Lewis & Clark,Pioneers,Lewis & Clark,,Lewis & Clark,,
2335,LIB,Liberty,Flames,Liberty,,Liberty,,
2336,LIM,Limestone,Saints,Limestone,,Limestone,,
2339,LIN,Lincoln (PA),Lions,Lincoln (PA),,Lincoln (PA),,
2347,LAC,Louisiana College,Wildcats,Louisiana College,,Louisiana College,,
2348,LT,Louisiana Tech,Bulldogs,Louisiana Tech,,Louisiana Tech,,
2354,LYC,Lycoming,Warriors,Lycoming,,Lycoming,,
2355,LYN,Lynchburg,Hornets,Lynchburg,,Lynchburg,,
2359,MAC,Macalester,Scots,Macalester,,Macalester,,
2362,MAN,Manchester,Spartans,Manchester,,Manchester,,
2364,MNST,Minnesota State,Mavericks,Minnesota State,,Minnesota State,,
2365,MAN,Mansfield,Mountaineers,Mansfield,,Mansfield,,
2366,MAR,Marian,Knights,Marian,,Marian,,
2368,MRST,Marist,Red Foxes,Marist,,Marist,,
2369,MAR,Mars Hill,Lions,Mars Hill,,Mars Hill,,
2371,MAR,Mary Hardin-Baylor,Crusaders,Mary Hardin-Baylor,,Mary Hardin-Baylor,,
2373,MAR,Maryville TN,Fighting Scots,Maryville TN,,Maryville TN,,
2377,MCNS,McNeese,Cowboys,McNeese State,,McNeese State,McNeese St,
2381,MEN,Menlo,Oaks,Menlo,,Menlo,,
2382,MER,Mercer,Bears,Mercer,,Mercer,,
2383,MER,Merchant Marine,Mariners,Merchant Marine,,Merchant Marine,,
2385,MER,Mercyhurst,Lakers,Mercyhurst,,Mercyhurst,,
2390,MIAMI,Miami,Hurricanes,Miami (FL),,Miami Florida,,
2392,MIC,Michigan Tech,Huskies,Michigan Tech,,Michigan Tech,,
2393,MTSU,Middle Tennessee,Blue Raiders,Middle Tennessee State,,Middle Tennessee State,Mid Tennessee State,
2394,MID,Middlebury,Panthers,Middlebury,,Middlebury,,
2395,MID,Midwestern State,Mustangs,Midwestern State,,Midwestern State,,
2396,MIL,Miles,Golden Bears,Miles,,Miles,,
2398,MIL,Millsaps,Majors,Millsaps,,Millsaps,,
2399,MIN,Minnesota-Morris,Cougars,Minnesota-Morris,,Minnesota-Morris,,
2400,MVSU,Mississippi Valley State,Delta Devils,Mississippi Valley State,,Mississippi Valley State,Miss. Valley St,
2401,MIS,Mississippi College,Choctaws,Mississippi College,,Mississippi College,,
2402,S&T,Missouri S&T,Miners,Missouri S&T,,Missouri S&T,,
2403,MOS,Missouri Southern State,Lions,Missouri Southern State,,Missouri Southern State,,
2405,MONM,Monmouth,Hawks,Monmouth,,Monmouth,,
2413,MORE,Morehead State,Eagles,Morehead State,,Morehead State,,
2415,MORG,Morgan State,Bears,Morgan State,,Morgan State,Morgan St,
2416,MAO,Morningside,Chiefs,Morningside,,Morningside,,
2419,MTS,Mount St. Joseph,Lions,Mount St. Joseph,,Mount St. Joseph,,
2422,MUH,Muhlenberg,Mules,Muhlenberg,,Muhlenberg,,
2424,NMH,New Mexico Highlands,Cowboys,New Mexico Highlands,,New Mexico Highlands,,
2426,NAVY,Navy,Midshipmen,Navy,,Navy,,
2428,NCCU,North Carolina Central,Eagles,North Carolina Central,,NC Central,,
2429,CHAR,Charlotte,49ers,Charlotte,,Charlotte,,
2433,ULM,Louisiana Monroe,Warhawks,Louisiana-Monroe,,UL - Monroe,UL-Monroe,UL Monroe
2437,UNO,Nebraska-Omaha,Mavericks,Nebraska-Omaha,,Nebraska-Omaha,,
2438,NEB,Nebraska-Kearney,Lopers,Nebraska-Kearney,,Nebraska-Kearney,,
2439,UNLV,UNLV,Rebels,Nevada-Las Vegas,,UNLV,,
2440,NEV,Nevada,Wolf Pack,Nevada,,Nevada,,
2441,NH,New Haven,Chargers,New Haven,,New Haven,,
2442,CNJ,College of New Jersey,Lions,College of New Jersey,,College of New Jersey,,
2444,NBY,Newberry,Wolves,Newberry,,Newberry,,
2447,NICH,Nicholls,Colonels,Nicholls State,,Nicholls State,Nicholls St,
2448,NCAT,North Carolina A&T,Aggies,North Carolina A&T,,N. Carolina A T,N. Carolina A & T,N. Carolina A  T
2449,NDSU,North Dakota State,Bison,North Dakota State,,North Dakota State,No Dakota State,
2450,NSU,Norfolk State,Spartans,Norfolk State,,Norfolk State,Norfolk St,
2453,NOR,North Alabama,Lions,North Alabama,,North Alabama,,
2458,UNCO,Northern Colorado,Bears,Northern Colorado,,Northern Colorado,,
2459,NIU,Northern Illinois,Huskies,Northern Illinois,,Northern Illinois,,
2460,UNI,Northern Iowa,Panthers,Northern Iowa,,Northern Iowa,,
2464,NAU,Northern Arizona,Lumberjacks,Northern Arizona,,Northern Arizona,,
2466,NWST,Northwestern State,Demons,Northwestern State,,Northwestern State,,
2467,NOR,Norwich,Cadets,Norwich,,Norwich,,
2475,OCC,Occidental,Tigers,Occidental,,Occidental,,
2477,ODM,Ohio Dominican,Panthers,Ohio Dominican,,Ohio Dominican,,
2483,ORE,Oregon,Ducks,Oregon,,Oregon,,
2486,PAC,Pacific Lutheran,Lutes,Pacific Lutheran,,Pacific Lutheran,,
2487,PAC,Pace,Setters,Pace,,Pace,,
2488,PC,Paine,Lions,Paine,,Paine,,
2491,PPN,Paul Quinn,Tigers,Paul Quinn,,Paul Quinn,,
2502,PRST,Portland State,Vikings,Portland State,,Portland State,Portland St,
2504,PVAM,Prairie View,Panthers,Prairie View A&M,,Prairie View A&M,Prairie View,
2506,PRE,Presbyterian College,Blue Hose,Presbyterian,,Presbyterian,,
2508,PUG,Puget Sound,Loggers,Puget Sound,,Puget Sound,,
2509,PUR,Purdue,Boilermakers,Purdue,,Purdue,,
2516,RAN,Randolph-Macon,Yellow Jackets,Randolph-Macon,,Randolph-Macon,,
2519,RHO,Rhodes,Lynx,Rhodes,,Rhodes,,
2523,RMU,Robert Morris,Colonials,Robert Morris,,Robert Morris,,
2524,ROC,Rockford,Regents,Rockford,,Rockford,,
2528,REN,Rensselaer,Engineers,Rensselaer,,Rensselaer,,
2529,SHU,Sacred Heart,Pioneers,Sacred Heart,,Sacred Heart,,
2532,SAL,Salisbury,Sea Gulls,Salisbury,,Salisbury,,
2534,SHSU,Sam Houston State,Bearkats,Sam Houston State,,Sam Houston State,Sam Houston St,
2535,SAM,Samford,Bulldogs,Samford,,Samford,,
2542,SAV,Savannah State,Tigers,Savannah State,,Savannah State,Savannah St,
2545,SELA,Southeastern Louisiana,Lions,Southeastern Louisiana,,SE Louisiana,,
2546,SEMO,Southeast Missouri State,Redhawks,Southeast Missouri State,,SE Missouri St,,
2551,SHA,Shaw,Bears,Shaw,,Shaw,,
2553,SEW,Sewanee Univ. of the South,Tigers,Sewanee Univ. of the South,,Sewanee Univ. of the South,,
2557,COA,Coast Guard,Bears,Coast Guard,,Coast Guard,,
2559,SHI,Shippensburg,Raiders,Shippensburg,,Shippensburg,,
2560,SHO,Shorter,Hawks,Shorter,,Shorter,,
2561,SIE,Siena,Saints,Siena,,Siena,,
2562,SH,Siena Heights,Saints,Siena Heights,,Siena Heights,,
2564,SIM,Simpson College,Storm,Simpson College,,Simpson College,,
2567,SMU,SMU,Mustangs,Southern Methodist,SMU,SMU,,
2568,SOU,Southern Arkansas,Muleriders,Southern Arkansas,,Southern Arkansas,,
2569,SCST,South Carolina State,Bulldogs,South Carolina State,,South Carolina State,So Carolina St,
2570,CSUP,Colorado State-Pueblo,Thunderwolves,Colorado State-Pueblo,,Colorado State-Pueblo,,
2571,SDSU,South Dakota State,Jackrabbits,South Dakota State,,South Dakota State,South Dakota St,
2572,USM,Southern Mississippi,Golden Eagles,Southern Mississippi,,Southern Miss,So Mississippi,
2579,SC,South Carolina,Gamecocks,South Carolina,,South Carolina,,
2582,SOU,Southern,Jaguars,Southern,,Southern,,
2583,SOU,Southern Connecticut State,Owls,Southern Connecticut State,,Southern Connecticut State,,
2584,SOU,Southern Oregon,Raiders,Southern Oregon,,Southern Oregon,,
2586,SWB,Southwest Baptist,Bearcats,Southwest Baptist,,Southwest Baptist,,
2587,SWM,Southwest Minnesota State,Mustangs,Southwest Minnesota State,,Southwest Minnesota State,,
2588,SW,Southwestern University,Pirates,Southwestern University,,Southwestern University,,
2591,STA,St. Ambrose,Fighting Bees,St. Ambrose,,St. Ambrose,,
2594,STC,St. Cloud State,Huskies,St. Cloud State,,St. Cloud State,,
2595,SFIL,St. Francis (IL),Fighting Saints,St. Francis (IL),,St. Francis (IL),,
2598,SFU,St Francis (PA),Red Flash,St Francis (PA),,St Francis (PA),St. Francis (PA),
2600,STJ,St. Johns (MN),Johnnies,St. Johns (MN),,St. Johns (MN),,
2601,STJ,St. Joseph&#39;s (IN),Pumas,St. Joseph&#39;s (IN),,St. Joseph&#39;s (IN),,
2608,SMC,St. Mary&#39;s (CA),Gaels,St. Mary&#39;s (CA),,St. Mary&#39;s (CA),,
2611,STP,St. Paul&#39;s College,Tigers,St. Paul&#39;s College,,St. Paul&#39;s College,,
2612,SPU,St. Peter&#39;s,Peacocks,St. Peter&#39;s,,St. Peter&#39;s,,
2614,STV,St. Vincent,Bearcats,St. Vincent,,St. Vincent,,
2615,STX,St. Xavier (IL),Cougars,St. Xavier (IL),,St. Xavier (IL),,
2617,SFA,Stephen F Austin,Lumberjacks,Stephen F. Austin,,Stephen F.Austin,Stephen F. Austin,
2619,STON,Stony Brook,Seawolves,Stony Brook,,Stony Brook,,
2623,MOST,Missouri State,Bears,Missouri State,,Missouri St,,
2627,TAR,Tarleton State,Texans,Tarleton State,,Tarleton State,,
2628,TCU,TCU,Horned Frogs,Texas Christian,,TCU,,
2630,UTM,UT Martin,Skyhawks,Tennessee-Martin,,Tennessee Martin,Tenn. Martin,
2633,TENN,Tennessee,Volunteers,Tennessee,,Tennessee,,
2634,TNST,Tennessee State,Tigers,Tennessee State,,Tennessee St,,
2635,TNTC,Tennessee Tech,Golden Eagles,Tennessee Tech,,Tennessee Tech,,
2636,UTSA,Texas San Antonio,Roadrunners,Texas-San Antonio,UTSA,UTSA,Tex San Antonio,
2637,TXCL,Texas College,Steers,Texas College,,Texas College,,
2638,UTEP,UTEP,Miners,Texas-El Paso,UTEP,UTEP,,
2639,TEX,Texas Lutheran,Bulldogs,Texas Lutheran,,Texas Lutheran,,
2640,TXSO,Texas Southern,Tigers,Texas Southern,,Texas Southern,,
2641,TTU,Texas Tech,Red Raiders,Texas Tech,,Texas Tech,,
2643,CIT,The Citadel,Bulldogs,Citadel,,The Citadel,,
2644,THI,Thiel College,Tomcats,Thiel College,,Thiel College,,
2646,THO,Thomas More,Saints,Thomas More,,Thomas More,,
2649,TOL,Toledo,Rockets,Toledo,,Toledo,,
2651,TRI,Trine,Thunder,Trine,,Trine,,
2652,TRI,Trinity (IL),Trojans,Trinity (IL),,Trinity (IL),,
2653,TROY,Troy,Trojans,Troy,,Troy,,
2654,TRU,Truman State,Bulldogs,Truman State,,Truman State,,
2655,TULN,Tulane,Green Wave,Tulane,,Tulane,,
2657,TUS,Tuskegee,Golden Tigers,Tuskegee,,Tuskegee,,
2658,TXA,Texas A&M-Kingsville,Javelinas,Texas A&M-Kingsville,,Texas A&M-Kingsville,,
2666,URB,Urbana,Blue Knights,Urbana,,Urbana,,
2667,URS,Ursinus,Bears,Ursinus,,Ursinus,,
2673,VAL,Valdosta State,Blazers,Valdosta State,,Valdosta State,,
2674,VALP,Valparaiso,Crusaders,Valparaiso,,Valparaiso,,
2676,VIR,Virginia Union,Panthers,Virginia Union,,Virginia Union,,
2678,VMI,VMI,Keydets,Virginia Military Institute,,VMI,,
2681,WAG,Wagner,Seahawks,Wagner,,Wagner,,
2682,WAL,Walsh,Cavaliers,Walsh,,Walsh,,
2683,UWS,Warner,Royals,Warner,,Warner,,
2685,WAR,Wartburg,Knights,Wartburg,,Wartburg,,
2686,WAS,Washington & Jefferson,Presidents,Washington & Jefferson,,Washington & Jefferson,,
2687,WAS,Washburn,Ichabods,Washburn,,Washburn,,
2688,UWL,Washington & Lee,Generals,Washington & Lee,,Washington & Lee,,
2691,WEBB,Webber International,Warriors,Webber International,,Webber International,,
2692,WEB,Weber State,Wildcats,Weber State,,Weber State,Weber St,
2695,WES,West Alabama,Tigers,West Alabama,,West Alabama,,
2698,WES,West Georgia,Wolves,West Georgia,,West Georgia,,
2699,WES,West Liberty,Hilltoppers,West Liberty,,West Liberty,,
2700,MCD,McDaniel College,Terrors,McDaniel College,,McDaniel College,,
2701,MWST,Montana-Western,Bulldogs,Montana-Western,,Montana-Western,,
2702,WES,Western New England,Golden Bears,Western New England,,Western New England,,
2703,WES,Western New Mexico,Mustangs,Western New Mexico,,Western New Mexico,,
2704,WES,West Texas A&M,Buffaloes,West Texas A&M,,West Texas A&M,,
2706,WVT,West Virginia Tech,Golden Bears,West Virginia Tech,,West Virginia Tech,,
2707,WES,WV State,Yellow Jackets,WV State,,WV State,,
2710,WIU,Western Illinois,Leathernecks,Western Illinois,,Western Illinois,,
2711,WMU,Western Michigan,Broncos,Western Michigan,,Western Michigan,,
2714,WES,Western State,Mountaineers,Western State,,Western State,,
2717,WCU,Western Carolina,Catamounts,Western Carolina,,Western Carolina,,
2721,WHI,Whitworth,Pirates,Whitworth,,Whitworth,,
2723,WIS,UW-River Falls,Falcons,UW-River Falls,,UW-River Falls,,
2725,WID,Widener,Pride,Widener,,Widener,,
2729,W&M,William & Mary,Tribe,William & Mary,,William Mary,William  Mary,William & Mary
2731,WIL,Williams,Ephs,Williams,,Williams,,
2733,WIL,Wilmington (OH),Quakers,Wilmington (OH),,Wilmington (OH),,
2736,WSSU,Winston-Salem,Rams,Winston-Salem,,Winston-Salem,,
2738,WIS,Wisconsin-Eau Claire,Blugolds,Wisconsin-Eau Claire,,Wisconsin-Eau Claire,,
2740,WIS,Wisconsin-La Crosse,Eagles,Wisconsin-La Crosse,,Wisconsin-La Crosse,,
2741,WIS,Wisconsin Lutheran,Warriors,Wisconsin Lutheran,,Wisconsin Lutheran,,
2743,WIS,Wisconsin-Stevens Point,Pointers,Wisconsin-Stevens Point,,Wisconsin-Stevens Point,,
2744,WIS,UW-Stout,Blue Devils,UW-Stout,,UW-Stout,,
2745,WISW,UW-Whitewater,Warhawks,UW-Whitewater,,UW-Whitewater,,
2746,WIT,Wittenberg,Tigers,Wittenberg,,Wittenberg,,
2747,WOF,Wofford,Terriers,Wofford,,Wofford,,
2748,WOO,Wooster,Fighting Scots,Wooster,,Wooster,,
2749,WPI,Worcester Polytechnic,Engineers,Worcester Polytechnic,,Worcester Polytechnic,,
2750,WRST,Wright State University,Raiders,Wright State University,,Wright State University,,
2751,WYO,Wyoming,Cowboys,Wyoming,,Wyoming,,
2752,XAV,Xavier,Mustketeers,Xavier,,Xavier,,
2754,YSU,Youngstown State,Penguins,Youngstown State,,Youngstown State,Youngstown St,
2755,GRAM,Grambling,Tigers,Grambling State,,Grambling State,Grambling,
2757,BER,Berry College,Vikings,Berry College,,Berry College,,
2758,HOW,Howard Payne,Yellow Jackets,Howard Payne,,Howard Payne,,
2771,MER,Merrimack,Warriors,Merrimack,,Merrimack,,
2772,MIN,Minnesota-Crookston,Golden Eagles,Minnesota-Crookston,,Minnesota-Crookston,,
2776,SAL,Salve Regina,Seahawks,Salve Regina,,Salve Regina,,
2779,STL,St Lawrence,Saints,St Lawrence,,St Lawrence,,
2781,BRO,Brockport State (NY),Golden Eagles,Brockport State (NY),,Brockport State (NY),,
2782,COR,SUNY Cortland,Red Dragons,SUNY Cortland,,SUNY Cortland,,
2790,ALBI,Albion,Britons,Albion,,Albion,,
2800,ALM,Alma College,Scots,Alma College,,Alma College,,
2802,BET,Bethel (MN),Royals,Bethel (MN),,Bethel (MN),,
2803,BRY,Bryant,Bulldogs,Bryant,,Bryant,,
2804,CHO,Chowan,Braves,Chowan,,Chowan,,
2805,CLK,Clark Atlanta,Panthers,Clark Atlanta,,Clark Atlanta,,
2808,DV,Delaware Valley,Aggies,Delaware Valley,,Delaware Valley,,
2810,HAR,Hardin-Simmons,Cowboys,Hardin-Simmons,,Hardin-Simmons,,
2812,HOP,Hope,Flying Dutchmen,Hope,,Hope,,
2815,LIN,Lindenwood,Lions,Lindenwood,,Lindenwood,,
2816,MAN,McKendree,Bearcats,McKendree,,McKendree,,
2817,MOO,Minnesota St-Moorhead,Dragon,Minnesota St-Moorhead,,Minnesota St-Moorhead,,
2818,MON,Montclair State,Red Hawks,Montclair State,,Montclair State,,
2822,NGR,North Greenville,Crusaders,North Greenville,,North Greenville,,
2823,NWO,Northwestern Oklahoma State,Rangers,Northwestern Oklahoma State,,Northwestern Oklahoma State,,
2824,OKP,OK Panhandle St,Aggies,OK Panhandle St,,OK Panhandle St,,
2825,QUI,Quincy,Hawks,Quincy,,Quincy,,
2826,RRK,Rocky Mountain,Bears,Rocky Mountain,,Rocky Mountain,,
2827,ROW,Rowan,Profs,Rowan,,Rowan,,
2828,SHE,Shenandoah,Hornets,Shenandoah,,Shenandoah,,
2829,SIM,Simon Fraser,Clansmen,Simon Fraser,,Simon Fraser,,
2830,STA,St. Anselm,Hawks,St. Anselm,,St. Anselm,,
2831,SBP,St. Francis (IN),Cougars,St. Francis (IN),,St. Francis (IN),,
2832,STN,St. Norbert,Green Knights,St. Norbert,,St. Norbert,,
2834,SUL,Sul Ross State,Lobos,Sul Ross State,,Sul Ross State,,
2837,TXA,Texas A&M-Commerce,Lions,Texas A&M-Commerce,,Texas A&M-Commerce,,
2838,TIF,Tiffin,Dragons,Tiffin,,Tiffin,,
2839,TUS,Tusculum,Pioneers,Tusculum,,Tusculum,,
2841,UNI,Union College,Dutchmen,Union College,,Union College,,
2842,VAW,UVA-Wise,Highland Cavaliers,UVA-Wise,,UVA-Wise,,
2843,WES,Western Connecticut State,Colonials,Western Connecticut State,,Western Connecticut State,,
2844,WAY,Wayne State (NE),Wildcats,Wayne State (NE),,Wayne State (NE),,
2845,WAY,Waynesburg,Yellow Jackets,Waynesburg,,Waynesburg,,
2846,WES,Wesley College,Wolverines,Wesley College,,Wesley College,,
2847,WES,Western Washington,Vikings,Western Washington,,Western Washington,,
2848,WES,Western Oregon,Wolves,Western Oregon,,Western Oregon,,
2849,WMN,Westminster PA,Titans,Westminster PA,,Westminster PA,,
2850,WHI,Whittier,Poets,Whittier,,Whittier,,
2851,WIN,Winona State,Warriors,Winona State,,Winona State,,
2858,CAL,California (PA),Vulcans,California (PA),,California (PA),,
2860,CDF,Central Methodist,Eagles,Central Methodist,,Central Methodist,,
2865,EVA,Evangel,Crusaders,Evangel,,Evangel,,
2871,KEA,Kean,Cougars,Kean,,Kean,,
2876,LIN,Lincoln (MO),Blue Tigers,Lincoln (MO),,Lincoln (MO),,
2877,LIN,Lindsey Wilson,Blue Raiders,Lindsey Wilson,,Lindsey Wilson,,
2880,MB,Missouri Baptist,Spartans,Missouri Baptist,,Missouri Baptist,,
2882,NCP,UNC Pembroke,Braves,UNC Pembroke,,UNC Pembroke,,
2884,NIC,Nichols,Bison,Nichols,,Nichols,,
2886,NAR,Northwood (MI),Timberwolves,Northwood (MI),,Northwood (MI),,
2888,OUA,Ouachita Baptist,Tigers,Ouachita Baptist,,Ouachita Baptist,,
2890,REIN,Reinhardt,Eagles,Reinhardt,,Reinhardt,,
2891,RIP,Ripon,Red Hawks,Ripon,,Ripon,,
2894,SIO,Sioux Falls,Cougars,Sioux Falls,,Sioux Falls,,
2896,SVA,Southern Virginia,Knights,Southern Virginia,,Southern Virginia,,
2900,STMN,St. Thomas (MN),Tommies,St. Thomas (MN),,St. Thomas (MN),,
2904,SWA,Southwestern Assemblies of God,Lions,Southwestern Assemblies of God,,Southwestern Assemblies of God,,
2907,TRN,Trinity International (IL),Trojans,Trinity International (IL),,Trinity International (IL),,
2909,WES,Westfield State,Owls,Westfield State,,Westfield State,,
2911,WJC,William Jewell College,Cardinals,William Jewell College,,William Jewell College,,
2912,WIL,William Penn,Statesmen,William Penn,,William Penn,,
2913,BRE,Brevard College,Tornados,Brevard College,,Brevard College,,
2916,IW,Incarnate Word,Cardinals,Incarnate Word,,Incarnate Word,,
2919,MON,Monmouth (IL),Fighting Scots,Monmouth (IL),,Monmouth (IL),,
2922,ONZ,Olivet Nazarene,Tigers,Olivet Nazarene,,Olivet Nazarene,,
2923,POM,Pomona-Pitzer,Sagehens,Pomona-Pitzer,,Pomona-Pitzer,,
2927,SWO,Southwestern Oklahoma,Bulldogs,Southwestern Oklahoma,,Southwestern Oklahoma,,
2930,WIL,Willamette,Bearcats,Willamette,,Willamette,,
2938,HUN,Huntingdon,Hawks,Huntingdon,,Huntingdon,,
2939,JAM,Jamestown,Jimmies,Jamestown,,Jamestown,,
2940,LVI,Livingstone,Blue Bears,Livingstone,,Livingstone,,
2948,STI,Stillman,Tigers,Stillman,,Stillman,,
2951,MAR,SUNY Maritime,Privateers,SUNY Maritime,,SUNY Maritime,,
2963,CSR,Case Western Reserve,Spartans,Case Western Reserve,,Case Western Reserve,,
2964,CEN,Central,Dutch,Central,,Central,,
2967,FRA,Framingham State,Rams,Framingham State,,Framingham State,,
2968,GUS,Gustavus Adolphus,Golden Gusties,Gustavus Adolphus,,Gustavus Adolphus,,
2969,MISC,Misericordia,Cougars,Misericordia,,Misericordia,,
2970,WMP,William Paterson,Pioneers,William Paterson,,William Paterson,,
2972,PLY,Plymouth State,Panthers,Plymouth State,,Plymouth State,,
2974,SHE,Shepherd,Rams,Shepherd,,Shepherd,,
2977,TRI,Trinity (CT),Bantams,Trinity (CT),,Trinity (CT),,
2980,OHI,Ohio Wesleyan,Battling Bishops,Ohio Wesleyan,,Ohio Wesleyan,,
2985,CMI,Concordia College (MI),Cardinals,Concordia College (MI),,Concordia College (MI),,
2986,FAI,Fairmont State,Falcons,Fairmont State,,Fairmont State,,
3066,CON,Concordia-St. Paul,Golden Bears,Concordia-St. Paul,,Concordia-St. Paul,,
3071,NOC,North Central,Cardinals,North Central,,North Central,,
3077,KCU,Kentucky Christian,Knights,Kentucky Christian,,Kentucky Christian,,
3080,WAL,Waldorf,Warriors,Waldorf,,Waldorf,,
3099,CON,Concordia (AL),Hornets,Concordia (AL),,Concordia (AL),,
3100,MON,Monterrey Tech,Rams,Monterrey Tech,,Monterrey Tech,,
3101,DIX,Dixie State,Red Storm,Dixie State,,Dixie State,,
3110,MOR,Morrisville State,Mustangs,Morrisville State,,Morrisville State,,
3111,APP,Apprentice School,Builders,Apprentice School,,Apprentice School,,
3112,CHR,Christopher Newport,Captains,Christopher Newport,,Christopher Newport,,
3130,WIL,Williamson Trade,Mechanics,Williamson Trade,,Williamson Trade,,
3144,SOU,SOUTH,All-Stars,SOUTH,,SOUTH,,
3145,NOR,NORTH,All-Stars,NORTH,,NORTH,,
3146,EAST,EAST,All-Stars,EAST,,EAST,,
3147,WEST,WEST,All-Stars,WEST,,WEST,,
3161,OSU,Ohio State Newark,Titans,Ohio State Newark,,Ohio State Newark,,
3162,ASC,Alfred State College,Pioneers,Alfred State College,,Alfred State College,,
3178,AMU,Ave Maria,Gyrenes,Ave Maria,,Ave Maria,,
3179,POINT,Point University,Point,Point University,,Point University,,
3181,STC,Shepherd Tech,Eagles,Shepherd Tech,,Shepherd Tech,,
3193,AMR,American,American,American,,American,,
3194,NTL,National,National,National,,National,,
3197,NFX,NORTH FLORIDA,STARS,NORTH FLORIDA,,NORTH FLORIDA,,
3198,SFX,SOUTH FLORIDA,STARS,SOUTH FLORIDA,,SOUTH FLORIDA,,
3209,LIND,Lindenwood Belleville,Lynx,Lindenwood Belleville,,Lindenwood Belleville,,
3210,COLE,Cole College,Jaguars,Cole College,,Cole College,,
3211,FAI,College of Faith,Warriors,College of Faith,,College of Faith,,
3212,UMEX,University of Mexico,University of Mexico,University of Mexico,,University of Mexico,,
3214,TRI,Trinity Bible,Lions,Trinity Bible,,Trinity Bible,,
3236,ECC,Erie Community College,Kats,Erie Community College,,Erie Community College,,
3237,HVCC,Hudson Valley CC,Vikings,Hudson Valley CC,,Hudson Valley CC,,
3253,COFC,College of Faith - Charlotte,Saints,College of Faith - Charlotte,,College of Faith - Charlotte,,
3254,UFFL,University of Faith,Glory Eagles,University of Faith,,University of Faith,,
5829,5829,Doane College,Doane,Doane College,,Doane College,,
6353,LAKE,Lakeland College,Lakeland,Lakeland College,,Lakeland College,,
6584,6584,Mcpherson College,Mcpherson,Mcpherson College,,Mcpherson College,,
6845,NWU,Nebraska Wesleyan University,Neb Wesleyan,Nebraska Wesleyan University,,Nebraska Wesleyan University,,
16111,BEN,Benedictine College,Bndctne Col,Benedictine College,,Benedictine College,,
101161,LYON,Lyon College,Scots,Lyon College,,Lyon College,,
102118,LSBG,Louisburg,Hurricanes,Louisburg,,Louisburg,,
102626,TXWE,Texas Wesleyan,Rams,Texas Wesleyan,,Texas Wesleyan,,
108354,HC,Holland College,Hurricanes,Holland College,,Holland College,,
108358,AZCR,Arizona Christian,Firestorm,Arizona Christian,,Arizona Christian,,
108382,COI,College of Idaho,Yotes,College of Idaho,,College of Idaho,,
109418,FINL,Finlandia University,Lions,Finlandia University,,Finlandia University,,
109423,FORK,Fork Union,Blue Devils,Fork Union,,Fork Union,,
109424,CINU,Central International University,Cardinals,Central International University,,Central International University,,
109425,GDCH,University of God&#39;s Chosen,Disciples,University of God&#39;s Chosen,,University of God&#39;s Chosen,,
110242,WFLA,West Florida,Argonauts,West Florida,,West Florida,,
110243,UTPB,University of Texas of the Permian Basin,Falcons,University of Texas of the Permian Basin,,University of Texas of the Permian Basin,,
110254,DU,Davenport,Panthers,Davenport,,Davenport,,
110255,CINCH,Cincinnati Christian,Eagles,Cincinnati Christian,,Cincinnati Christian,,
110263,MORTH,Morthland,Patriots,Morthland,,Morthland,,
110438,DEAN,Dean,Bulldogs,Dean,,Dean,,
